{
  "version": "5.1.1",
  "flags": {},
  "shapes": [
    {
      "description": "",
      "label": "cervical vertebra",
      "points": [
        [
          583.9545454545455,
          348.81818181818187
        ],
        [
          1142.1363636363635,
          1150.6363636363635
        ]
      ],
      "group_id": null,
      "shape_type": "rectangle",
      "flags": {}
    },
    {
      "description": "",
      "label": "C2_1",
      "points": [
        [
          740.3181818181818,
          517.9090909090909
        ]
      ],
      "group_id": null,
      "shape_type": "point",
      "flags": {}
    },
    {
      "description": "",
      "label": "C2_2",
      "points": [
        [
          743.9545454545453,
          583.3636363636364
        ]
      ],
      "group_id": null,
      "shape_type": "point",
      "flags": {}
    },
    {
      "description": "",
      "label": "C2_3",
      "points": [
        [
          749.4090909090908,
          597.9090909090909
        ]
      ],
      "group_id": null,
      "shape_type": "point",
      "flags": {}
    },
    {
      "description": "",
      "label": "C2_4",
      "points": [
        [
          669.4090909090908,
          625.1818181818182
        ]
      ],
      "group_id": null,
      "shape_type": "point",
      "flags": {}
    },
    {
      "label": "C3_1",
      "points": [
        [
          685.2941176470588,
          638.0784313725491
        ]
      ],
      "group_id": null,
      "shape_type": "point",
      "flags": {}
    },
    {
      "label": "C3_2",
      "points": [
        [
          740.1960784313725,
          620.4313725490197
        ]
      ],
      "group_id": null,
      "shape_type": "point",
      "flags": {}
    },
    {
      "label": "C3_3",
      "points": [
        [
          753.9215686274509,
          638.0784313725491
        ]
      ],
      "group_id": null,
      "shape_type": "point",
      "flags": {}
    },
    {
      "label": "C3_4",
      "points": [
        [
          764.7058823529412,
          682.1960784313726
        ]
      ],
      "group_id": null,
      "shape_type": "point",
      "flags": {}
    },
    {
      "label": "C3_5",
      "points": [
        [
          758.8235294117646,
          699.843137254902
        ]
      ],
      "group_id": null,
      "shape_type": "point",
      "flags": {}
    },
    {
      "label": "C3_6",
      "points": [
        [
          687.2549019607843,
          726.3137254901961
        ]
      ],
      "group_id": null,
      "shape_type": "point",
      "flags": {}
    },
    {
      "label": "C4_1",
      "points": [
        [
          701.9607843137255,
          738.0784313725491
        ]
      ],
      "group_id": null,
      "shape_type": "point",
      "flags": {}
    },
    {
      "label": "C4_2",
      "points": [
        [
          750.0,
          724.3529411764706
        ]
      ],
      "group_id": null,
      "shape_type": "point",
      "flags": {}
    },
    {
      "label": "C4_3",
      "points": [
        [
          775.4901960784314,
          734.156862745098
        ]
      ],
      "group_id": null,
      "shape_type": "point",
      "flags": {}
    },
    {
      "label": "C4_4",
      "points": [
        [
          778.4313725490196,
          780.2352941176471
        ]
      ],
      "group_id": null,
      "shape_type": "point",
      "flags": {}
    },
    {
      "label": "C4_5",
      "points": [
        [
          778.4313725490196,
          796.9019607843137
        ]
      ],
      "group_id": null,
      "shape_type": "point",
      "flags": {}
    },
    {
      "label": "C4_6",
      "points": [
        [
          702.9411764705882,
          814.5490196078432
        ]
      ],
      "group_id": null,
      "shape_type": "point",
      "flags": {}
    },
    {
      "label": "C5_1",
      "points": [
        [
          712.7450980392157,
          825.3333333333334
        ]
      ],
      "group_id": null,
      "shape_type": "point",
      "flags": {}
    },
    {
      "label": "C5_2",
      "points": [
        [
          777.4509803921568,
          819.4509803921569
        ]
      ],
      "group_id": null,
      "shape_type": "point",
      "flags": {}
    },
    {
      "label": "C5_3",
      "points": [
        [
          787.2549019607843,
          830.2352941176471
        ]
      ],
      "group_id": null,
      "shape_type": "point",
      "flags": {}
    },
    {
      "label": "C5_4",
      "points": [
        [
          795.0980392156863,
          881.2156862745098
        ]
      ],
      "group_id": null,
      "shape_type": "point",
      "flags": {}
    },
    {
      "label": "C5_5",
      "points": [
        [
          787.2549019607843,
          896.9019607843137
        ]
      ],
      "group_id": null,
      "shape_type": "point",
      "flags": {}
    },
    {
      "label": "C5_6",
      "points": [
        [
          710.7843137254902,
          920.4313725490197
        ]
      ],
      "group_id": null,
      "shape_type": "point",
      "flags": {}
    },
    {
      "label": "C6_1",
      "points": [
        [
          724.5098039215686,
          934.156862745098
        ]
      ],
      "group_id": null,
      "shape_type": "point",
      "flags": {}
    },
    {
      "label": "C6_2",
      "points": [
        [
          779.4117647058823,
          916.5098039215686
        ]
      ],
      "group_id": null,
      "shape_type": "point",
      "flags": {}
    },
    {
      "label": "C6_3",
      "points": [
        [
          792.156862745098,
          936.1176470588235
        ]
      ],
      "group_id": null,
      "shape_type": "point",
      "flags": {}
    },
    {
      "label": "C6_4",
      "points": [
        [
          803.9215686274509,
          986.1176470588235
        ]
      ],
      "group_id": null,
      "shape_type": "point",
      "flags": {}
    },
    {
      "label": "C6_5",
      "points": [
        [
          797.0588235294117,
          1001.8039215686275
        ]
      ],
      "group_id": null,
      "shape_type": "point",
      "flags": {}
    },
    {
      "label": "C6_6",
      "points": [
        [
          709.8039215686274,
          1027.294117647059
        ]
      ],
      "group_id": null,
      "shape_type": "point",
      "flags": {}
    },
    {
      "label": "C7_1",
      "points": [
        [
          728.4313725490196,
          1042.9803921568628
        ]
      ],
      "group_id": null,
      "shape_type": "point",
      "flags": {}
    },
    {
      "label": "C7_2",
      "points": [
        [
          801.9607843137255,
          1023.3725490196078
        ]
      ],
      "group_id": null,
      "shape_type": "point",
      "flags": {}
    },
    {
      "label": "C7_3",
      "points": [
        [
          814.7058823529412,
          1029.2549019607845
        ]
      ],
      "group_id": null,
      "shape_type": "point",
      "flags": {}
    },
    {
      "label": "C7_4",
      "points": [
        [
          827.4509803921568,
          1091.0196078431375
        ]
      ],
      "group_id": null,
      "shape_type": "point",
      "flags": {}
    },
    {
      "label": "C7_5",
      "points": [
        [
          828.4313725490196,
          1112.5882352941178
        ]
      ],
      "group_id": null,
      "shape_type": "point",
      "flags": {}
    },
    {
      "label": "C7_6",
      "points": [
        [
          742.156862745098,
          1136.1176470588236
        ]
      ],
      "group_id": null,
      "shape_type": "point",
      "flags": {}
    }
  ],
  "imagePath": "1 (495).JPG",
  "imageData": null,
  "imageHeight": 1734,
  "imageWidth": 1657
}