{
  "version": "5.1.1",
  "flags": {},
  "shapes": [
    {
      "label": "C2_1",
      "points": [
        [
          577.804347826087,
          279.0434782608696
        ]
      ],
      "group_id": null,
      "shape_type": "point",
      "flags": {}
    },
    {
      "label": "C2_2",
      "points": [
        [
          568.2391304347826,
          352.95652173913044
        ]
      ],
      "group_id": null,
      "shape_type": "point",
      "flags": {}
    },
    {
      "label": "C2_3",
      "points": [
        [
          558.6739130434783,
          379.9130434782609
        ]
      ],
      "group_id": null,
      "shape_type": "point",
      "flags": {}
    },
    {
      "label": "C2_4",
      "points": [
        [
          469.9782608695653,
          386.0
        ]
      ],
      "group_id": null,
      "shape_type": "point",
      "flags": {}
    },
    {
      "label": "C3_1",
      "points": [
        [
          474.3260869565218,
          406.0
        ]
      ],
      "group_id": null,
      "shape_type": "point",
      "flags": {}
    },
    {
      "label": "C3_2",
      "points": [
        [
          542.1521739130435,
          389.47826086956525
        ]
      ],
      "group_id": null,
      "shape_type": "point",
      "flags": {}
    },
    {
      "label": "C3_3",
      "points": [
        [
          564.7608695652174,
          408.60869565217394
        ]
      ],
      "group_id": null,
      "shape_type": "point",
      "flags": {}
    },
    {
      "label": "C3_4",
      "points": [
        [
          567.3695652173913,
          482.5217391304348
        ]
      ],
      "group_id": null,
      "shape_type": "point",
      "flags": {}
    },
    {
      "label": "C3_5",
      "points": [
        [
          560.4130434782609,
          498.17391304347825
        ]
      ],
      "group_id": null,
      "shape_type": "point",
      "flags": {}
    },
    {
      "label": "C3_6",
      "points": [
        [
          468.2391304347827,
          515.5652173913044
        ]
      ],
      "group_id": null,
      "shape_type": "point",
      "flags": {}
    },
    {
      "label": "C4_1",
      "points": [
        [
          488.2391304347827,
          535.5652173913044
        ]
      ],
      "group_id": null,
      "shape_type": "point",
      "flags": {}
    },
    {
      "label": "C4_2",
      "points": [
        [
          553.4565217391304,
          518.1739130434784
        ]
      ],
      "group_id": null,
      "shape_type": "point",
      "flags": {}
    },
    {
      "label": "C4_3",
      "points": [
        [
          573.4565217391304,
          536.4347826086957
        ]
      ],
      "group_id": null,
      "shape_type": "point",
      "flags": {}
    },
    {
      "label": "C4_4",
      "points": [
        [
          577.804347826087,
          592.9565217391305
        ]
      ],
      "group_id": null,
      "shape_type": "point",
      "flags": {}
    },
    {
      "label": "C4_5",
      "points": [
        [
          572.5869565217391,
          618.1739130434784
        ]
      ],
      "group_id": null,
      "shape_type": "point",
      "flags": {}
    },
    {
      "label": "C4_6",
      "points": [
        [
          476.06521739130443,
          631.2173913043479
        ]
      ],
      "group_id": null,
      "shape_type": "point",
      "flags": {}
    },
    {
      "label": "C5_1",
      "points": [
        [
          492.5869565217392,
          648.608695652174
        ]
      ],
      "group_id": null,
      "shape_type": "point",
      "flags": {}
    },
    {
      "label": "C5_2",
      "points": [
        [
          562.1521739130435,
          632.9565217391305
        ]
      ],
      "group_id": null,
      "shape_type": "point",
      "flags": {}
    },
    {
      "label": "C5_3",
      "points": [
        [
          578.6739130434783,
          650.3478260869566
        ]
      ],
      "group_id": null,
      "shape_type": "point",
      "flags": {}
    },
    {
      "label": "C5_4",
      "points": [
        [
          576.9347826086956,
          725.1304347826087
        ]
      ],
      "group_id": null,
      "shape_type": "point",
      "flags": {}
    },
    {
      "label": "C5_5",
      "points": [
        [
          564.7608695652174,
          732.0869565217391
        ]
      ],
      "group_id": null,
      "shape_type": "point",
      "flags": {}
    },
    {
      "label": "C5_6",
      "points": [
        [
          476.93478260869574,
          732.0869565217391
        ]
      ],
      "group_id": null,
      "shape_type": "point",
      "flags": {}
    },
    {
      "label": "C6_1",
      "points": [
        [
          476.93478260869574,
          752.0869565217391
        ]
      ],
      "group_id": null,
      "shape_type": "point",
      "flags": {}
    },
    {
      "label": "C6_2",
      "points": [
        [
          549.1086956521739,
          741.6521739130435
        ]
      ],
      "group_id": null,
      "shape_type": "point",
      "flags": {}
    },
    {
      "label": "C6_3",
      "points": [
        [
          567.3695652173913,
          754.6956521739131
        ]
      ],
      "group_id": null,
      "shape_type": "point",
      "flags": {}
    },
    {
      "label": "C6_4",
      "points": [
        [
          567.3695652173913,
          821.6521739130435
        ]
      ],
      "group_id": null,
      "shape_type": "point",
      "flags": {}
    },
    {
      "label": "C6_5",
      "points": [
        [
          557.804347826087,
          846.0
        ]
      ],
      "group_id": null,
      "shape_type": "point",
      "flags": {}
    },
    {
      "label": "C6_6",
      "points": [
        [
          470.84782608695656,
          849.4782608695652
        ]
      ],
      "group_id": null,
      "shape_type": "point",
      "flags": {}
    },
    {
      "label": "C7_1",
      "points": [
        [
          479.5434782608696,
          871.2173913043479
        ]
      ],
      "group_id": null,
      "shape_type": "point",
      "flags": {}
    },
    {
      "label": "C7_2",
      "points": [
        [
          549.1086956521739,
          852.0869565217391
        ]
      ],
      "group_id": null,
      "shape_type": "point",
      "flags": {}
    },
    {
      "label": "C7_3",
      "points": [
        [
          568.2391304347826,
          867.7391304347826
        ]
      ],
      "group_id": null,
      "shape_type": "point",
      "flags": {}
    },
    {
      "label": "C7_4",
      "points": [
        [
          582.1521739130435,
          935.5652173913044
        ]
      ],
      "group_id": null,
      "shape_type": "point",
      "flags": {}
    },
    {
      "label": "C7_5",
      "points": [
        [
          573.4565217391304,
          957.304347826087
        ]
      ],
      "group_id": null,
      "shape_type": "point",
      "flags": {}
    },
    {
      "label": "C7_6",
      "points": [
        [
          490.84782608695656,
          981.6521739130435
        ]
      ],
      "group_id": null,
      "shape_type": "point",
      "flags": {}
    },
    {
      "label": "cervical vertebra",
      "points": [
        [
          413.0753424657534,
          209.28767123287668
        ],
        [
          926.7739726027398,
          1036.6849315068494
        ]
      ],
      "group_id": null,
      "shape_type": "rectangle",
      "flags": {}
    }
  ],
  "imagePath": "1 (206).JPG",
  "imageData": null,
  "imageHeight": 1372,
  "imageWidth": 1333
}