{
  "version": "5.1.1",
  "flags": {},
  "shapes": [
    {
      "description": "",
      "label": "cervical vertebra",
      "points": [
        [
          539.2241379310344,
          199.36206896551724
        ],
        [
          1090.9482758620688,
          1180.396551724138
        ]
      ],
      "group_id": null,
      "shape_type": "rectangle",
      "flags": {}
    },
    {
      "description": "",
      "label": "C2_1",
      "points": [
        [
          703.0172413793102,
          401.08620689655174
        ]
      ],
      "group_id": null,
      "shape_type": "point",
      "flags": {}
    },
    {
      "description": "",
      "label": "C2_2",
      "points": [
        [
          704.7413793103447,
          473.50000000000006
        ]
      ],
      "group_id": null,
      "shape_type": "point",
      "flags": {}
    },
    {
      "description": "",
      "label": "C2_3",
      "points": [
        [
          692.6724137931035,
          492.46551724137936
        ]
      ],
      "group_id": null,
      "shape_type": "point",
      "flags": {}
    },
    {
      "description": "",
      "label": "C2_4",
      "points": [
        [
          603.0172413793102,
          495.9137931034483
        ]
      ],
      "group_id": null,
      "shape_type": "point",
      "flags": {}
    },
    {
      "label": "C3_1",
      "points": [
        [
          613.3757961783439,
          516.4936305732484
        ]
      ],
      "group_id": null,
      "shape_type": "point",
      "flags": {}
    },
    {
      "label": "C3_2",
      "points": [
        [
          685.3503184713376,
          508.8503184713376
        ]
      ],
      "group_id": null,
      "shape_type": "point",
      "flags": {}
    },
    {
      "label": "C3_3",
      "points": [
        [
          707.6433121019109,
          522.2261146496816
        ]
      ],
      "group_id": null,
      "shape_type": "point",
      "flags": {}
    },
    {
      "label": "C3_4",
      "points": [
        [
          709.5541401273885,
          611.3980891719744
        ]
      ],
      "group_id": null,
      "shape_type": "point",
      "flags": {}
    },
    {
      "label": "C3_5",
      "points": [
        [
          697.452229299363,
          623.5
        ]
      ],
      "group_id": null,
      "shape_type": "point",
      "flags": {}
    },
    {
      "label": "C3_6",
      "points": [
        [
          602.5477707006369,
          636.8757961783439
        ]
      ],
      "group_id": null,
      "shape_type": "point",
      "flags": {}
    },
    {
      "label": "C4_1",
      "points": [
        [
          611.4649681528662,
          665.5382165605096
        ]
      ],
      "group_id": null,
      "shape_type": "point",
      "flags": {}
    },
    {
      "label": "C4_2",
      "points": [
        [
          689.8089171974522,
          643.2452229299363
        ]
      ],
      "group_id": null,
      "shape_type": "point",
      "flags": {}
    },
    {
      "label": "C4_3",
      "points": [
        [
          707.0063694267516,
          654.7101910828026
        ]
      ],
      "group_id": null,
      "shape_type": "point",
      "flags": {}
    },
    {
      "label": "C4_4",
      "points": [
        [
          711.4649681528662,
          730.5063694267516
        ]
      ],
      "group_id": null,
      "shape_type": "point",
      "flags": {}
    },
    {
      "label": "C4_5",
      "points": [
        [
          707.0063694267516,
          745.7929936305733
        ]
      ],
      "group_id": null,
      "shape_type": "point",
      "flags": {}
    },
    {
      "label": "C4_6",
      "points": [
        [
          599.3630573248407,
          761.0796178343949
        ]
      ],
      "group_id": null,
      "shape_type": "point",
      "flags": {}
    },
    {
      "label": "C5_1",
      "points": [
        [
          617.8343949044586,
          785.920382165605
        ]
      ],
      "group_id": null,
      "shape_type": "point",
      "flags": {}
    },
    {
      "label": "C5_2",
      "points": [
        [
          707.0063694267516,
          763.6273885350319
        ]
      ],
      "group_id": null,
      "shape_type": "point",
      "flags": {}
    },
    {
      "label": "C5_3",
      "points": [
        [
          717.1974522292993,
          771.9076433121019
        ]
      ],
      "group_id": null,
      "shape_type": "point",
      "flags": {}
    },
    {
      "label": "C5_4",
      "points": [
        [
          714.6496815286624,
          859.1687898089172
        ]
      ],
      "group_id": null,
      "shape_type": "point",
      "flags": {}
    },
    {
      "label": "C5_5",
      "points": [
        [
          704.4585987261146,
          872.5445859872611
        ]
      ],
      "group_id": null,
      "shape_type": "point",
      "flags": {}
    },
    {
      "label": "C5_6",
      "points": [
        [
          608.28025477707,
          880.8248407643312
        ]
      ],
      "group_id": null,
      "shape_type": "point",
      "flags": {}
    },
    {
      "label": "C6_1",
      "points": [
        [
          622.9299363057324,
          903.1178343949044
        ]
      ],
      "group_id": null,
      "shape_type": "point",
      "flags": {}
    },
    {
      "label": "C6_2",
      "points": [
        [
          699.3630573248407,
          889.7420382165604
        ]
      ],
      "group_id": null,
      "shape_type": "point",
      "flags": {}
    },
    {
      "label": "C6_3",
      "points": [
        [
          719.108280254777,
          903.1178343949044
        ]
      ],
      "group_id": null,
      "shape_type": "point",
      "flags": {}
    },
    {
      "label": "C6_4",
      "points": [
        [
          714.0127388535032,
          984.6464968152866
        ]
      ],
      "group_id": null,
      "shape_type": "point",
      "flags": {}
    },
    {
      "label": "C6_5",
      "points": [
        [
          700.6369426751592,
          1002.4808917197452
        ]
      ],
      "group_id": null,
      "shape_type": "point",
      "flags": {}
    },
    {
      "label": "C6_6",
      "points": [
        [
          601.2738853503184,
          1002.4808917197452
        ]
      ],
      "group_id": null,
      "shape_type": "point",
      "flags": {}
    },
    {
      "label": "C7_1",
      "points": [
        [
          613.3757961783439,
          1033.0541401273886
        ]
      ],
      "group_id": null,
      "shape_type": "point",
      "flags": {}
    },
    {
      "label": "C7_2",
      "points": [
        [
          692.9936305732484,
          1016.4936305732484
        ]
      ],
      "group_id": null,
      "shape_type": "point",
      "flags": {}
    },
    {
      "label": "C7_3",
      "points": [
        [
          711.4649681528662,
          1024.1369426751592
        ]
      ],
      "group_id": null,
      "shape_type": "point",
      "flags": {}
    },
    {
      "label": "C7_4",
      "points": [
        [
          731.2101910828026,
          1107.5764331210191
        ]
      ],
      "group_id": null,
      "shape_type": "point",
      "flags": {}
    },
    {
      "label": "C7_5",
      "points": [
        [
          716.5605095541401,
          1128.5955414012737
        ]
      ],
      "group_id": null,
      "shape_type": "point",
      "flags": {}
    },
    {
      "label": "C7_6",
      "points": [
        [
          616.5605095541401,
          1147.0668789808917
        ]
      ],
      "group_id": null,
      "shape_type": "point",
      "flags": {}
    }
  ],
  "imagePath": "1 (484).JPG",
  "imageData": null,
  "imageHeight": 1647,
  "imageWidth": 1525
}