{
  "version": "5.1.1",
  "flags": {},
  "shapes": [
    {
      "description": "",
      "label": "cervical vertebra",
      "points": [
        [
          289.2241379310344,
          457.3103448275861
        ],
        [
          875.4310344827586,
          1379.7241379310344
        ]
      ],
      "group_id": null,
      "shape_type": "rectangle",
      "flags": {}
    },
    {
      "description": "",
      "label": "C2_1",
      "points": [
        [
          465.08620689655163,
          648.6896551724138
        ]
      ],
      "group_id": null,
      "shape_type": "point",
      "flags": {}
    },
    {
      "description": "",
      "label": "C2_2",
      "points": [
        [
          477.155172413793,
          698.6896551724138
        ]
      ],
      "group_id": null,
      "shape_type": "point",
      "flags": {}
    },
    {
      "description": "",
      "label": "C2_3",
      "points": [
        [
          473.70689655172407,
          726.2758620689655
        ]
      ],
      "group_id": null,
      "shape_type": "point",
      "flags": {}
    },
    {
      "description": "",
      "label": "C2_4",
      "points": [
        [
          375.4310344827585,
          762.4827586206897
        ]
      ],
      "group_id": null,
      "shape_type": "point",
      "flags": {}
    },
    {
      "label": "C3_1",
      "points": [
        [
          389.5833333333333,
          785.2916666666667
        ]
      ],
      "group_id": null,
      "shape_type": "point",
      "flags": {}
    },
    {
      "label": "C3_2",
      "points": [
        [
          459.375,
          758.2083333333334
        ]
      ],
      "group_id": null,
      "shape_type": "point",
      "flags": {}
    },
    {
      "label": "C3_3",
      "points": [
        [
          481.25000000000006,
          768.625
        ]
      ],
      "group_id": null,
      "shape_type": "point",
      "flags": {}
    },
    {
      "label": "C3_4",
      "points": [
        [
          496.87500000000006,
          823.8333333333334
        ]
      ],
      "group_id": null,
      "shape_type": "point",
      "flags": {}
    },
    {
      "label": "C3_5",
      "points": [
        [
          487.50000000000006,
          844.6666666666667
        ]
      ],
      "group_id": null,
      "shape_type": "point",
      "flags": {}
    },
    {
      "label": "C3_6",
      "points": [
        [
          393.75,
          885.2916666666667
        ]
      ],
      "group_id": null,
      "shape_type": "point",
      "flags": {}
    },
    {
      "label": "C4_1",
      "points": [
        [
          394.7916666666667,
          913.4166666666667
        ]
      ],
      "group_id": null,
      "shape_type": "point",
      "flags": {}
    },
    {
      "label": "C4_2",
      "points": [
        [
          471.87500000000006,
          869.6666666666667
        ]
      ],
      "group_id": null,
      "shape_type": "point",
      "flags": {}
    },
    {
      "label": "C4_3",
      "points": [
        [
          490.62500000000006,
          881.125
        ]
      ],
      "group_id": null,
      "shape_type": "point",
      "flags": {}
    },
    {
      "label": "C4_4",
      "points": [
        [
          506.25000000000006,
          933.2083333333334
        ]
      ],
      "group_id": null,
      "shape_type": "point",
      "flags": {}
    },
    {
      "label": "C4_5",
      "points": [
        [
          495.8333333333333,
          954.0416666666667
        ]
      ],
      "group_id": null,
      "shape_type": "point",
      "flags": {}
    },
    {
      "label": "C4_6",
      "points": [
        [
          415.625,
          991.5416666666667
        ]
      ],
      "group_id": null,
      "shape_type": "point",
      "flags": {}
    },
    {
      "label": "C5_1",
      "points": [
        [
          419.7916666666667,
          1020.7083333333334
        ]
      ],
      "group_id": null,
      "shape_type": "point",
      "flags": {}
    },
    {
      "label": "C5_2",
      "points": [
        [
          477.0833333333333,
          996.75
        ]
      ],
      "group_id": null,
      "shape_type": "point",
      "flags": {}
    },
    {
      "label": "C5_3",
      "points": [
        [
          504.1666666666667,
          1005.0833333333334
        ]
      ],
      "group_id": null,
      "shape_type": "point",
      "flags": {}
    },
    {
      "label": "C5_4",
      "points": [
        [
          519.7916666666667,
          1053.0
        ]
      ],
      "group_id": null,
      "shape_type": "point",
      "flags": {}
    },
    {
      "label": "C5_5",
      "points": [
        [
          510.4166666666667,
          1070.7083333333335
        ]
      ],
      "group_id": null,
      "shape_type": "point",
      "flags": {}
    },
    {
      "label": "C5_6",
      "points": [
        [
          439.5833333333333,
          1123.8333333333335
        ]
      ],
      "group_id": null,
      "shape_type": "point",
      "flags": {}
    },
    {
      "label": "C6_1",
      "points": [
        [
          444.7916666666667,
          1142.5833333333335
        ]
      ],
      "group_id": null,
      "shape_type": "point",
      "flags": {}
    },
    {
      "label": "C6_2",
      "points": [
        [
          509.37500000000006,
          1100.9166666666667
        ]
      ],
      "group_id": null,
      "shape_type": "point",
      "flags": {}
    },
    {
      "label": "C6_3",
      "points": [
        [
          533.3333333333334,
          1106.125
        ]
      ],
      "group_id": null,
      "shape_type": "point",
      "flags": {}
    },
    {
      "label": "C6_4",
      "points": [
        [
          561.4583333333334,
          1160.2916666666667
        ]
      ],
      "group_id": null,
      "shape_type": "point",
      "flags": {}
    },
    {
      "label": "C6_5",
      "points": [
        [
          551.0416666666667,
          1179.0416666666667
        ]
      ],
      "group_id": null,
      "shape_type": "point",
      "flags": {}
    },
    {
      "label": "C6_6",
      "points": [
        [
          465.62500000000006,
          1239.4583333333335
        ]
      ],
      "group_id": null,
      "shape_type": "point",
      "flags": {}
    },
    {
      "label": "C7_1",
      "points": [
        [
          493.75000000000006,
          1260.2916666666667
        ]
      ],
      "group_id": null,
      "shape_type": "point",
      "flags": {}
    },
    {
      "label": "C7_2",
      "points": [
        [
          544.7916666666667,
          1216.5416666666667
        ]
      ],
      "group_id": null,
      "shape_type": "point",
      "flags": {}
    },
    {
      "label": "C7_3",
      "points": [
        [
          576.0416666666667,
          1215.5
        ]
      ],
      "group_id": null,
      "shape_type": "point",
      "flags": {}
    },
    {
      "label": "C7_4",
      "points": [
        [
          617.7083333333334,
          1274.875
        ]
      ],
      "group_id": null,
      "shape_type": "point",
      "flags": {}
    },
    {
      "label": "C7_5",
      "points": [
        [
          612.5000000000001,
          1293.625
        ]
      ],
      "group_id": null,
      "shape_type": "point",
      "flags": {}
    },
    {
      "label": "C7_6",
      "points": [
        [
          538.5416666666667,
          1355.0833333333335
        ]
      ],
      "group_id": null,
      "shape_type": "point",
      "flags": {}
    }
  ],
  "imagePath": "1 (528).JPG",
  "imageData": null,
  "imageHeight": 1656,
  "imageWidth": 1525
}